{
  "_clientScript": [],
  "_serverScript": [
    "server/server_script"
  ],
  "actorGirlName": "asset/Mesh/jinbi/Bcoin.actor",
  "actorName": "asset/Mesh/jinbi/Bcoin.actor",
  "attackNpc": false,
  "autoAttack": false,
  "autoMove": true,
  "autoRotateColliderBox": true,
  "avoidCliff": true,
  "avoidCliffHight": 5,
  "canClick": false,
  "canHurtMove": true,
  "canJump": true,
  "canMove": true,
  "canPickOnDie": false,
  "canTurnHead": false,
  "castRealShadowAtFirstPRV": false,
  "chaseDistance": 10,
  "chaseInterval": 10,
  "checkPartTouchEvent": true,
  "clickDistance": 4,
  "collider": {
    "offset": {
      "x": 0,
      "y": 0,
      "z": 0
    },
    "radius": 0.25,
    "rotation": {
      "x": 0,
      "y": 0,
      "z": 0
    },
    "type": "Sphere"
  },
  "collision": true,
  "damage": 0,
  "deathHideTime": 20,
  "destroyTime": 0,
  "disableShadow": true,
  "disableShadowAtFirstPRV": true,
  "dropDamageRatio": 0,
  "dropDamageStart": 1.5,
  "enableAI": false,
  "equipTrays": [],
  "eyeHeight": 1,
  "followEntityDistanceWhenHasTarget": 10,
  "followEntityDistanceWhenNotTarget": 5,
  "gravity": 500.0,
  "headPic": "",
  "hideHolder": false,
  "hideHp": 1,
  "hideName": true,
  "homeSize": 10,
  "hpBarColor": 4294967551.0,
  "hpBarHeight": 0.2,
  "hpBarWidth": 1,
  "hurtResistantTime": 0,
  "idleProb": 0,
  "idleTime": [
    10,
    30
  ],
  "isAIGoHomePos": true,
  "isPlayer": false,
  "jumpHeight": 0.6,
  "jumpSpeed": 0.5,
  "maxHp": 20,
  "maxVisualAngle": 360,
  "meetCliffBackRun": true,
  "moveAcc": 0.2,
  "moveFactor": 1,
  "moveSpeed": 0.2,
  "name": "entity_d5e881ee-c53e-4d4a-9235-4b98d5dae561",
  "needCheckTouch": true,
  "patrolDistance": 5,
  "randomPlayDeadActions": [
    ""
  ],
  "reachDistance": 6.5,
  "setFollowWhenCreate": true,
  "skills": [],
  "stepHeight": 0.6,
  "swimSpeed": 0.2,
  "textHeight": 2.3,
  "unassailable": 0,
  "undamageable": 0,
  "waterline": 0
}