{
  "canAbandon": false,
  "candrop": false,
  "canEquipPlural": true,
  "canUse": false,
  "handItemBoneName": "s_hand_r",
  "icon": "@asset/icon/SeaTalk_IMG_1644487829.png",
  "itemintroduction": "5c7405c5-6129-42d5-a6d2-7952770c27c7",
  "itemname": "item_6ff5fe29-ef8d-4d81-9a91-71d1c0df4c95",
  "mesh": "asset/Mesh/Arc Double Axe/g1008_axe_10.mesh",
  "needSave": false,
  "skill": [
    "myplugin/4787f15d-7373-40d1-9aa5-a98bdde67149",
    "myplugin/0a40eb2b-9179-40df-8cf4-35309c816862"
  ],
  "stack_count_max": 1,
  "syncGameData": {
    "currentCapacity": true,
    "extCapacity": true
  },
  "trap": false
}