{
  "breakTime": false,
  "canClick": false,
  "candrop": false,
  "canSwim": false,
  "climbSpeed": 0.0,
  "collisionBoxes": [
    {
      "__OBJ_TYPE": "Box",
      "max": {
        "__OBJ_TYPE": "Vector3",
        "x": 1,
        "y": 0.5,
        "z": 1
      },
      "min": {
        "__OBJ_TYPE": "Vector3",
        "x": 0,
        "y": 0,
        "z": 0
      }
    }
  ],
  "dropCount": 1,
  "dropSelf": false,
  "fall": false,
  "isOpaqueFullCube": false,
  "lightOpacity": 15,
  "maxFallSpeed": 1.5,
  "maxSpeed": 500.0,
  "quads": [
    {
      "pos": [
        {
          "x": 0,
          "y": 0.5,
          "z": 1
        },
        {
          "x": 0,
          "y": 0,
          "z": 1
        },
        {
          "x": 1,
          "y": 0,
          "z": 1
        },
        {
          "x": 1,
          "y": 0.5,
          "z": 1
        }
      ],
      "texture": "@asset/Texture/Block/DP3d6D5XUAATfYT.png"
    },
    {
      "pos": [
        {
          "x": 1,
          "y": 0.5,
          "z": 1
        },
        {
          "x": 1,
          "y": 0,
          "z": 1
        },
        {
          "x": 1,
          "y": 0,
          "z": 0
        },
        {
          "x": 1,
          "y": 0.5,
          "z": 0
        }
      ],
      "texture": "@asset/Texture/Block/DP3d6D5XUAATfYT.png"
    },
    {
      "pos": [
        {
          "x": 1,
          "y": 0.5,
          "z": 0
        },
        {
          "x": 1,
          "y": 0,
          "z": 0
        },
        {
          "x": 0,
          "y": 0,
          "z": 0
        },
        {
          "x": 0,
          "y": 0.5,
          "z": 0
        }
      ],
      "texture": "@asset/Texture/Block/DP3d6D5XUAATfYT.png"
    },
    {
      "pos": [
        {
          "x": 0,
          "y": 0.5,
          "z": 0
        },
        {
          "x": 0,
          "y": 0,
          "z": 0
        },
        {
          "x": 0,
          "y": 0,
          "z": 1
        },
        {
          "x": 0,
          "y": 0.5,
          "z": 1
        }
      ],
      "texture": "@asset/Texture/Block/DP3d6D5XUAATfYT.png"
    },
    {
      "pos": [
        {
          "x": 0,
          "y": 0.5,
          "z": 0
        },
        {
          "x": 0,
          "y": 0.5,
          "z": 1
        },
        {
          "x": 1,
          "y": 0.5,
          "z": 1
        },
        {
          "x": 1,
          "y": 0.5,
          "z": 0
        }
      ],
      "texture": "@asset/Texture/Block/DP3d6D5XUAATfYT.png"
    },
    {
      "pos": [
        {
          "x": 0,
          "y": 0,
          "z": 1
        },
        {
          "x": 0,
          "y": 0,
          "z": 0
        },
        {
          "x": 1,
          "y": 0,
          "z": 0
        },
        {
          "x": 1,
          "y": 0,
          "z": 1
        }
      ],
      "texture": "@asset/Texture/Block/DP3d6D5XUAATfYT.png"
    }
  ],
  "recycle": false,
  "recycleTime": 20,
  "spring": 0,
  "texture": [
    "",
    "",
    "",
    "",
    "",
    ""
  ]
}