{
  "canAbandon": false,
  "candrop": false,
  "canEquipPlural": true,
  "canUse": false,
  "handItemBoneName": "s_hand_r",
  "icon": "@asset/icon/HighEnergyChainsaw.png",
  "itemintroduction": "95a96d9e-6e35-49f3-8c0f-c28f4b3bc08f",
  "itemname": "item_a8799072-12ae-4d72-b957-19d4410fe945",
  "mesh": "asset/Mesh/High Energy Chainsaw/gun_163.mesh",
  "needSave": false,
  "skill": [
    "myplugin/4787f15d-7373-40d1-9aa5-a98bdde67149",
    "myplugin/e053d408-bc80-4b07-8e3b-fe3591e631d7"
  ],
  "stack_count_max": 1,
  "syncGameData": {
    "currentCapacity": true,
    "extCapacity": true
  },
  "trap": false
}