{
  "breakTime": false,
  "canClick": false,
  "candrop": false,
  "canSwim": false,
  "climbSpeed": 0.0,
  "collisionBoxes": [],
  "dropCount": 1,
  "dropSelf": false,
  "fall": false,
  "isOpaqueFullCube": false,
  "lightOpacity": 15,
  "maxFallSpeed": 1.5,
  "maxSpeed": 500.0,
  "quads": [
    {
      "pos": [
        {
          "x": 0,
          "y": 1,
          "z": 1
        },
        {
          "x": 0,
          "y": 0,
          "z": 1
        },
        {
          "x": 1,
          "y": 0,
          "z": 0
        },
        {
          "x": 1,
          "y": 1,
          "z": 0
        }
      ],
      "texture": "@asset/Texture/Block/flower_blue_orchid.png"
    },
    {
      "pos": [
        {
          "x": 0,
          "y": 1,
          "z": 0
        },
        {
          "x": 0,
          "y": 0,
          "z": 0
        },
        {
          "x": 1,
          "y": 0,
          "z": 1
        },
        {
          "x": 1,
          "y": 1,
          "z": 1
        }
      ],
      "texture": "@asset/Texture/Block/flower_blue_orchid.png"
    }
  ],
  "recycle": false,
  "recycleTime": 20,
  "spring": 0,
  "texture": [
    "",
    "",
    "",
    "",
    "",
    ""
  ]
}