{
  "canAbandon": false,
  "candrop": false,
  "canEquipPlural": true,
  "canUse": false,
  "handItemBoneName": "s_hand_r",
  "icon": "@asset/icon/SeaTalk_IMG_1644487238.png",
  "itemintroduction": "afe475d3-086b-4e8e-acba-4a986850fca9",
  "itemname": "item_25d5b5f5-09f3-4d9e-b2a1-aabe2ebfd1d0",
  "mesh": "asset/Awesome Axe/g1008_axe_03.mesh",
  "needSave": false,
  "skill": [
    "myplugin/4787f15d-7373-40d1-9aa5-a98bdde67149",
    "myplugin/bb4742d9-54a2-42c8-b2ed-7585c0bf0584"
  ],
  "stack_count_max": 1,
  "syncGameData": {
    "currentCapacity": true,
    "extCapacity": true
  },
  "trap": false
}