{
  "canAbandon": false,
  "candrop": false,
  "canEquipPlural": true,
  "canUse": false,
  "handItemBoneName": "s_hand_r",
  "icon": "@asset/icon/SeaTalk_IMG_1644488098.png",
  "itemintroduction": "0b9597ce-6f23-4e48-be42-9e83b4c52095",
  "itemname": "item_7e1b374d-23c0-4d94-8a0e-3210fbd0bc4f",
  "mesh": "asset/Mesh/Plasma Rail Gun/gun_133.mesh",
  "needSave": false,
  "skill": [
    "myplugin/3e2b6b2c-ad8c-48b9-a4ac-80a923b08037"
  ],
  "stack_count_max": 1,
  "syncGameData": {
    "currentCapacity": true,
    "extCapacity": true
  },
  "trap": false
}