{
  "canAbandon": false,
  "candrop": false,
  "canEquipPlural": true,
  "canUse": false,
  "handItemBoneName": "s_hand_r",
  "icon": "@asset/icon/SeaTalk_IMG_1644487736.png",
  "itemintroduction": "9128ee3d-2224-4a5a-b8ef-a39f5f37821b",
  "itemname": "item_4e9cab19-8b46-428e-a558-9ead97d176bc",
  "mesh": "asset/Mesh/Claw Sword/1700_wolverine_weapon2.mesh",
  "needSave": false,
  "skill": [
    "myplugin/4787f15d-7373-40d1-9aa5-a98bdde67149",
    "myplugin/63301765-7811-4982-9010-fd6e5188df80"
  ],
  "stack_count_max": 1,
  "syncGameData": {
    "currentCapacity": true,
    "extCapacity": true
  },
  "trap": false
}