{
  "canBreak": true,
  "hideCloud": true,
  "scene": [
    {
      "class": "Entity",
      "config": "myplugin/f7d0ee18-975c-489c-a64f-17d56a6ce82c",
      "properties": {
        "id": "8452884761579536385",
        "name": "entity_f7d0ee18-975c-489c-a64f-17d56a6ce82c",
        "position": "x:-34.042766571045 y:53.999996185303 z:14.428641319275",
        "rotation": "x:0 y:-90 z:0",
        "scale": "x:1 y:1 z:1"
      }
    },
    {
      "class": "Entity",
      "config": "myplugin/f4e7383c-228b-4337-8dc9-d81aa572922b",
      "properties": {
        "id": "8452886134170042369",
        "name": "Fridge",
        "position": "x:-39.33854675293 y:52.999996185303 z:-14.896513938904",
        "rotation": "x:0 y:-90 z:0",
        "scale": "x:1 y:1 z:1"
      }
    },
    {
      "class": "Entity",
      "config": "myplugin/756f208c-96b7-4633-ab18-c0a592d6f328",
      "properties": {
        "id": "8452888535153524737",
        "name": "entity_756f208c-96b7-4633-ab18-c0a592d6f328",
        "position": "x:-9.9616708755493 y:53 z:-22.276166915894",
        "rotation": "x:0 y:0 z:0",
        "scale": "x:1 y:1 z:1"
      }
    }
  ],
  "skyBox": [
    {
      "texture": [
        "@asset/Texture/SkyBox/Common2/Sky03_right.png",
        "@asset/Texture/SkyBox/Common2/Sky03_left.png",
        "@asset/Texture/SkyBox/Common2/Sky03_top.png",
        "@asset/Texture/SkyBox/Common2/Sky03_bottom.png",
        "@asset/Texture/SkyBox/Common2/Sky03_back.png",
        "@asset/Texture/SkyBox/Common2/Sky03_front.png"
      ]
    }
  ],
  "skyBoxRotate": {
    "x": 0,
    "y": 0,
    "z": 0
  },
  "skyBoxTexPixFmt": "RGBA8",
  "skyBoxTexSize": 512,
  "touchPosY": {
    "touchdownPosY": -30.0,
    "touchupPosY": 720.0
  }
}