{
  "canAbandon": false,
  "candrop": false,
  "canEquipPlural": true,
  "canUse": false,
  "handItemBoneName": "s_hand_r",
  "icon": "@asset/icon/SeaTalk_IMG_1644487616.png",
  "itemintroduction": "8d6073e1-bbd9-49c2-908c-ac35778c68c2",
  "itemname": "item_51628cca-71b9-4ad3-aeb3-8da9a933d8db",
  "mesh": "asset/Battle Golden Bow/g1008_bow_01_pulling_0.mesh",
  "needSave": false,
  "skill": [
    "myplugin/3e2b6b2c-ad8c-48b9-a4ac-80a923b08037"
  ],
  "stack_count_max": 1,
  "syncGameData": {
    "currentCapacity": true,
    "extCapacity": true
  },
  "trap": false
}