{
  "canAbandon": false,
  "candrop": false,
  "canEquipPlural": true,
  "canUse": false,
  "handItemBoneName": "s_hand_r",
  "icon": "@asset/icon/SeaTalk_IMG_1644487129.png",
  "itemintroduction": "a2a4abe2-3625-460d-a9df-f3a85a4f9dbd",
  "itemname": "item_83049293-058c-4f13-ad0b-bd0642528227",
  "mesh": "asset/Mesh/Assault Sword/gun_134.mesh",
  "needSave": false,
  "skill": [
    "myplugin/4787f15d-7373-40d1-9aa5-a98bdde67149",
    "myplugin/a1c95442-730e-4e1a-99c0-494cecfbadb0"
  ],
  "stack_count_max": 1,
  "syncGameData": {
    "currentCapacity": true,
    "extCapacity": true
  },
  "trap": false
}