{
  "canBreak": true,
  "hideCloud": true,
  "scene": [
    {
      "class": "Entity",
      "config": "myplugin/f7d0ee18-975c-489c-a64f-17d56a6ce82c",
      "properties": {
        "id": "8448557855384059905",
        "name": "TV",
        "position": "x:40.92085647583 y:53.419982910156 z:44.969493865967",
        "rotation": "x:0 y:-179.99995422363 z:0",
        "scale": "x:1 y:1 z:1"
      }
    },
    {
      "class": "Entity",
      "config": "myplugin/7ad52f45-81ff-4d61-abb4-e4c3c46ad841",
      "properties": {
        "id": "8448559133222862849",
        "name": "speaker",
        "position": "x:44.545745849609 y:53.415153503418 z:43.69522857666",
        "rotation": "x:0 y:-179.99995422363 z:0",
        "scale": "x:1 y:2 z:1"
      }
    },
    {
      "class": "Entity",
      "config": "myplugin/7ad52f45-81ff-4d61-abb4-e4c3c46ad841",
      "properties": {
        "id": "8448559589177475073",
        "name": "speaker",
        "position": "x:37.545753479004 y:53.415153503418 z:43.69522857666",
        "rotation": "x:0 y:-179.99995422363 z:0",
        "scale": "x:1 y:2 z:1"
      }
    }
  ],
  "skyBox": [
    {
      "texture": [
        "@asset/Texture/SkyBox/Common2/Sky03_right.png",
        "@asset/Texture/SkyBox/Common2/Sky03_left.png",
        "@asset/Texture/SkyBox/Common2/Sky03_top.png",
        "@asset/Texture/SkyBox/Common2/Sky03_bottom.png",
        "@asset/Texture/SkyBox/Common2/Sky03_back.png",
        "@asset/Texture/SkyBox/Common2/Sky03_front.png"
      ]
    }
  ],
  "skyBoxRotate": {
    "x": 0,
    "y": 0,
    "z": 0
  },
  "skyBoxTexPixFmt": "RGBA8",
  "skyBoxTexSize": 512,
  "touchPosY": {
    "touchdownPosY": -30.0,
    "touchupPosY": 720.0
  }
}