{
  "autoRotateColliderBox": true,
  "collideBlock": 1,
  "collideEntity": 6,
  "collider": {
    "extent": {
      "x": 0.2,
      "y": 0.2,
      "z": 0.2
    },
    "offset": {
      "x": 0,
      "y": 0,
      "z": 0
    },
    "rotation": {
      "x": 0,
      "y": 0,
      "z": 0
    },
    "type": "Box"
  },
  "followTarget": false,
  "followTargetRotation": true,
  "followTargetRotationOffset": {
    "x": 0,
    "y": 0,
    "z": 0
  },
  "gravity": 0.0,
  "hitEntitysRoles": [
    "hitAllTeam",
    "hitAllEntitys",
    "hitAllConfigEntity"
  ],
  "hitInterval": 10,
  "isPitch": true,
  "lifeTime": 100,
  "lockRotateBodyPitch": 0,
  "lockRotateBodyRoll": 0,
  "lockRotateBodyYaw": 0,
  "modelMesh": "asset/Green Tailed Pickaxe/g1008_pickaxe_17.mesh",
  "moveAcc": 0.0,
  "moveSpeed": 2.0,
  "rotateFree": true,
  "rotateSpeed": 0.0,
  "startSound": {
    "loop": false,
    "path": "asset/main/music/Knife Kill 1.mp3",
    "selfOnly": false,
    "sound": "@main/music/Knife Kill 1.mp3",
    "volume": 1
  },
  "startWithMoveAcc": true,
  "vanishShow": false,
  "vanishTime": 20
}