{
  "canAbandon": false,
  "candrop": false,
  "canEquipPlural": true,
  "canUse": false,
  "handItemBoneName": "s_hand_r",
  "icon": "@asset/icon/SeaTalk_IMG_1644487493.png",
  "itemintroduction": "cbf29cfe-059d-4867-8c9c-043fce61bb10",
  "itemname": "item_6581d150-6719-4a3f-9783-ce669dee6261",
  "mesh": "asset/Eternal Broadsword/1700_loki_weapon.mesh",
  "needSave": false,
  "skill": [
    "myplugin/4787f15d-7373-40d1-9aa5-a98bdde67149",
    "myplugin/d3fa0e67-572b-4fb7-87ce-5858c1553977"
  ],
  "stack_count_max": 1,
  "syncGameData": {
    "currentCapacity": true,
    "extCapacity": true
  },
  "trap": false
}