{
  "canBreak": true,
  "hideCloud": true,
  "skyBox": [
    {
      "texture": [
        "@asset/Texture/SkyBox/Common2/Sky03_right.png",
        "@asset/Texture/SkyBox/Common2/Sky03_left.png",
        "@asset/Texture/SkyBox/Common2/Sky03_top.png",
        "@asset/Texture/SkyBox/Common2/Sky03_bottom.png",
        "@asset/Texture/SkyBox/Common2/Sky03_back.png",
        "@asset/Texture/SkyBox/Common2/Sky03_front.png"
      ]
    }
  ],
  "skyBoxRotate": {
    "x": 0,
    "y": 0,
    "z": 0
  },
  "skyBoxTexPixFmt": "RGBA8",
  "skyBoxTexSize": 512,
  "touchPosY": {
    "touchdownPosY": -30.0,
    "touchupPosY": 600
  }
}