{
  "canAbandon": false,
  "candrop": false,
  "canEquipPlural": true,
  "canUse": false,
  "handItemBoneName": "s_hand_r",
  "icon": "@asset/Texture/Gui/gun1.png",
  "itemintroduction": "b8ff55f5-17a4-4ef5-9296-75cd527810b1",
  "itemname": "item_ff9513ee-8d9b-4f3f-bac8-d6bc050700ea",
  "mesh": "asset/Mesh/Sears Ranger Shotgun/gun_36.mesh",
  "needSave": false,
  "skill": [
    "myplugin/3e2b6b2c-ad8c-48b9-a4ac-80a923b08037"
  ],
  "stack_count_max": 1,
  "syncGameData": {
    "currentCapacity": true,
    "extCapacity": true
  },
  "trap": false
}